dim0,dim1
0.4549445782,0.6540089505
0.6320688919,0.1373344254
0.3832216148,0.2370074913
0.8812713706,0.2231164147
0.1547617975,0.1699800917
0.7491741463,0.7570797987
0.5175532584,0.9143289873
0.8691875118,0.1123470264
0.1928807995,0.5125097801
0.6454838056,0.4478057996
0.885081451,0.4978825432
0.1931663762,0.8505749149
